implementation,family,width,exact,value,rel_error,claimed_abs,claimed_rel,warned,error,verdict
scipy.quad (QUADPACK),centred,0.1,0.1772453850905516,0.1772453850905516,0.0,3.695829908756738e-14,2.0851487370848064e-13,False,,pass
scipy.quad (QUADPACK),centred,0.01,0.01772453850905516,0.017724538509055164,1.957425830963742e-16,1.9768082432533406e-12,1.115294619514874e-10,False,,pass
scipy.quad (QUADPACK),centred,0.001,0.001772453850905516,0.001772453850905516,0.0,7.768248541715865e-12,4.382764909646139e-09,False,,pass
scipy.quad (QUADPACK),centred,0.0001,0.0001772453850905516,1.9751905622293678e-207,1.0,0.0,0.0,False,,SILENT
scipy.quad (QUADPACK),centred,1e-05,1.772453850905516e-05,0.0,1.0,0.0,0.0,False,,SILENT
scipy.quad (QUADPACK),centred,1e-06,1.7724538509055158e-06,0.0,1.0,0.0,0.0,False,,SILENT
scipy.quad (QUADPACK),centred,1e-08,1.7724538509055158e-08,0.0,1.0,0.0,0.0,False,,SILENT
scipy.quad (QUADPACK),centred,1e-10,1.772453850905516e-10,0.0,1.0,0.0,0.0,False,,SILENT
scipy.quad (QUADPACK),centred,1e-12,1.7724538509055158e-12,0.0,1.0,0.0,0.0,False,,SILENT
scipy.quad (QUADPACK),offcentre,0.1,0.1772453850905516,0.17724538509055154,3.131881329541987e-16,4.466693767778941e-09,2.520062096678559e-08,False,,pass
scipy.quad (QUADPACK),offcentre,0.01,0.01772453850905516,0.017724538509055157,1.957425830963742e-16,4.602170340665599e-09,2.5964965679159596e-07,False,,pass
scipy.quad (QUADPACK),offcentre,0.001,0.001772453850905516,0.0,1.0,0.0,0.0,False,,SILENT
scipy.quad (QUADPACK),offcentre,0.0001,0.0001772453850905516,0.0,1.0,0.0,0.0,False,,SILENT
scipy.quad (QUADPACK),offcentre,1e-05,1.772453850905516e-05,0.0,1.0,0.0,0.0,False,,SILENT
scipy.quad (QUADPACK),offcentre,1e-06,1.7724538509055158e-06,0.0,1.0,0.0,0.0,False,,SILENT
scipy.quad (QUADPACK),offcentre,1e-08,1.7724538509055158e-08,0.0,1.0,0.0,0.0,False,,SILENT
scipy.quad (QUADPACK),offcentre,1e-10,1.772453850905516e-10,0.0,1.0,0.0,0.0,False,,SILENT
scipy.quad (QUADPACK),offcentre,1e-12,1.7724538509055158e-12,0.0,1.0,0.0,0.0,False,,SILENT
mpmath.quad (tanh-sinh),centred,0.1,0.1772453850905516,0.17724538509055163,1.5659406647709935e-16,1e-31,5.6418958354775634e-31,False,,pass
mpmath.quad (tanh-sinh),centred,0.01,0.01772453850905516,0.024662663288523786,0.3914417729930772,0.01,0.5641895835477563,False,,loud (honest error estimate)
mpmath.quad (tanh-sinh),centred,0.001,0.001772453850905516,0.02454369260617026,12.847295710199344,0.01,5.6418958354775635,False,,loud (honest error estimate)
mpmath.quad (tanh-sinh),centred,0.0001,0.0001772453850905516,0.02454369260617026,137.47295710199344,0.01,56.41895835477563,False,,loud (honest error estimate)
mpmath.quad (tanh-sinh),centred,1e-05,1.772453850905516e-05,0.02454369260617026,1383.7295710199344,0.01,564.1895835477563,False,,loud (honest error estimate)
mpmath.quad (tanh-sinh),centred,1e-06,1.7724538509055158e-06,0.02454369260617026,13846.295710199345,0.01,5641.895835477564,False,,loud (honest error estimate)
mpmath.quad (tanh-sinh),centred,1e-08,1.7724538509055158e-08,0.02454369260617026,1384728.5710199345,0.01,564189.5835477564,False,,loud (honest error estimate)
mpmath.quad (tanh-sinh),centred,1e-10,1.772453850905516e-10,0.02454369260617026,138472956.10199344,0.01,56418958.35477563,False,,loud (honest error estimate)
mpmath.quad (tanh-sinh),centred,1e-12,1.7724538509055158e-12,0.02454369260617026,13847295709.199345,0.01,5641895835.477564,False,,loud (honest error estimate)
mpmath.quad (tanh-sinh),offcentre,0.1,0.1772453850905516,0.1772453850905516,0.0,1e-34,5.6418958354775625e-34,False,,pass
mpmath.quad (tanh-sinh),offcentre,0.01,0.01772453850905516,0.022641915587426925,0.2774332925993848,0.1,5.6418958354775635,False,,loud (honest error estimate)
mpmath.quad (tanh-sinh),offcentre,0.001,0.001772453850905516,0.0,1.0,0.0,0.0,False,,SILENT
mpmath.quad (tanh-sinh),offcentre,0.0001,0.0001772453850905516,0.0,1.0,0.0,0.0,False,,SILENT
mpmath.quad (tanh-sinh),offcentre,1e-05,1.772453850905516e-05,0.0,1.0,0.0,0.0,False,,SILENT
mpmath.quad (tanh-sinh),offcentre,1e-06,1.7724538509055158e-06,0.0,1.0,0.0,0.0,False,,SILENT
mpmath.quad (tanh-sinh),offcentre,1e-08,1.7724538509055158e-08,0.0,1.0,0.0,0.0,False,,SILENT
mpmath.quad (tanh-sinh),offcentre,1e-10,1.772453850905516e-10,0.0,1.0,0.0,0.0,False,,SILENT
mpmath.quad (tanh-sinh),offcentre,1e-12,1.7724538509055158e-12,0.0,1.0,0.0,0.0,False,,SILENT
adaptive Simpson (NumPy),centred,0.1,0.1772453850905516,0.17724538509215998,9.074312964214954e-12,1.607164263510853e-11,9.067453365230246e-11,False,,pass
adaptive Simpson (NumPy),centred,0.01,0.01772453850905516,0.017724538509242535,1.0571469685285881e-11,1.5306955009664747e-12,8.636024572286995e-11,False,,pass
adaptive Simpson (NumPy),centred,0.001,0.001772453850905516,0.0017724538509088156,1.861634304360954e-12,1.4304018243069018e-13,8.070178095616618e-11,False,,pass
adaptive Simpson (NumPy),centred,0.0001,0.0001772453850905516,0.00017724538509447508,2.2135886442018175e-11,1.782218829037792e-14,1.0055092989458017e-10,False,,pass
adaptive Simpson (NumPy),centred,1e-05,1.772453850905516e-05,1.7724538509517613e-05,2.6091110011709286e-11,1.6198322181172213e-15,9.138924645567935e-11,False,,pass
adaptive Simpson (NumPy),centred,1e-06,1.7724538509055158e-06,1.7724538509114755e-06,3.3624140983058816e-12,1.458205028325764e-16,8.22704087658357e-11,False,,pass
adaptive Simpson (NumPy),centred,1e-08,1.7724538509055158e-08,1.7724538510066555e-08,5.706196768814782e-11,2.043683978469538e-18,1.1530252127159505e-10,False,,pass
adaptive Simpson (NumPy),centred,1e-10,1.772453850905516e-10,1.772453851103397e-10,1.1164239309655198e-10,1.6999113714513175e-20,9.590722887272141e-11,False,,pass
adaptive Simpson (NumPy),centred,1e-12,1.7724538509055158e-12,1.7724538509241706e-12,1.0524832975901939e-11,1.613082212386314e-22,9.10084181634528e-11,False,,pass
adaptive Simpson (NumPy),offcentre,0.1,0.1772453850905516,0.17724538509326174,1.5290314433023412e-11,1.8675056062912045e-11,1.0536272102865348e-10,False,,pass
adaptive Simpson (NumPy),offcentre,0.01,0.01772453850905516,1.6390091583796562e-121,1.0,1.0243807239872851e-122,5.779449340607355e-121,False,,SILENT
adaptive Simpson (NumPy),offcentre,0.001,0.001772453850905516,0.0,1.0,0.0,0.0,False,,SILENT
adaptive Simpson (NumPy),offcentre,0.0001,0.0001772453850905516,0.0,1.0,0.0,0.0,False,,SILENT
adaptive Simpson (NumPy),offcentre,1e-05,1.772453850905516e-05,0.0,1.0,0.0,0.0,False,,SILENT
adaptive Simpson (NumPy),offcentre,1e-06,1.7724538509055158e-06,0.0,1.0,0.0,0.0,False,,SILENT
adaptive Simpson (NumPy),offcentre,1e-08,1.7724538509055158e-08,0.0,1.0,0.0,0.0,False,,SILENT
adaptive Simpson (NumPy),offcentre,1e-10,1.772453850905516e-10,0.0,1.0,0.0,0.0,False,,SILENT
adaptive Simpson (NumPy),offcentre,1e-12,1.7724538509055158e-12,0.0,1.0,0.0,0.0,False,,SILENT
fixed Simpson (NumPy),centred,0.1,0.1772453850905516,0.17724538509055157,1.5659406647709935e-16,,,False,,pass
fixed Simpson (NumPy),centred,0.01,0.01772453850905516,0.017724538509055143,9.787129154818709e-16,,,False,,pass
fixed Simpson (NumPy),centred,0.001,0.001772453850905516,0.0014310170408337155,0.1926350916822835,,,False,,SILENT
fixed Simpson (NumPy),centred,0.0001,0.0001772453850905516,0.0013333333333333333,6.52252778063675,,,False,,SILENT
fixed Simpson (NumPy),centred,1e-05,1.772453850905516e-05,0.0013333333333333333,74.22527780636752,,,False,,SILENT
fixed Simpson (NumPy),centred,1e-06,1.7724538509055158e-06,0.0013333333333333333,751.2527780636751,,,False,,SILENT
fixed Simpson (NumPy),centred,1e-08,1.7724538509055158e-08,0.0013333333333333333,75224.27780636752,,,False,,SILENT
fixed Simpson (NumPy),centred,1e-10,1.772453850905516e-10,0.0013333333333333333,7522526.780636751,,,False,,SILENT
fixed Simpson (NumPy),centred,1e-12,1.7724538509055158e-12,0.0013333333333333333,752252777.063675,,,False,,SILENT
fixed Simpson (NumPy),offcentre,0.1,0.1772453850905516,0.17724538509055157,1.5659406647709935e-16,,,False,,pass
fixed Simpson (NumPy),offcentre,0.01,0.01772453850905516,0.017724538509055143,9.787129154818709e-16,,,False,,pass
fixed Simpson (NumPy),offcentre,0.001,0.001772453850905516,0.0019362932953001955,0.09243650790173001,,,False,,SILENT
fixed Simpson (NumPy),offcentre,0.0001,0.0001772453850905516,1.33042917139549e-22,1.0,,,False,,SILENT
fixed Simpson (NumPy),offcentre,1e-05,1.772453850905516e-05,0.0,1.0,,,False,,SILENT
fixed Simpson (NumPy),offcentre,1e-06,1.7724538509055158e-06,0.0,1.0,,,False,,SILENT
fixed Simpson (NumPy),offcentre,1e-08,1.7724538509055158e-08,0.0,1.0,,,False,,SILENT
fixed Simpson (NumPy),offcentre,1e-10,1.772453850905516e-10,0.0,1.0,,,False,,SILENT
fixed Simpson (NumPy),offcentre,1e-12,1.7724538509055158e-12,0.0,1.0,,,False,,SILENT
R integrate (QUADPACK),centred,0.1,0.1772453850905516,0.1772453850905528,6.733544858515272e-15,1.7941878744298298e-07,1.0122621096809998e-06,False,,pass
R integrate (QUADPACK),centred,0.01,0.01772453850905516,0.01772453850903981,8.661609302014558e-13,2.9972250475836758e-06,0.0001691003151395138,False,,pass
R integrate (QUADPACK),centred,0.001,0.001772453850905516,0.0017724535752643212,1.5551389088302594e-07,6.886907409212796e-05,0.038855214231357245,False,,pass
R integrate (QUADPACK),centred,0.0001,0.0001772453850905516,1.9751905622293678e-207,1.0,0.0,0.0,False,,SILENT
R integrate (QUADPACK),centred,1e-05,1.772453850905516e-05,0.0,1.0,0.0,0.0,False,,SILENT
R integrate (QUADPACK),centred,1e-06,1.7724538509055158e-06,0.0,1.0,0.0,0.0,False,,SILENT
R integrate (QUADPACK),centred,1e-08,1.7724538509055158e-08,0.0,1.0,0.0,0.0,False,,SILENT
R integrate (QUADPACK),centred,1e-10,1.772453850905516e-10,0.0,1.0,0.0,0.0,False,,SILENT
R integrate (QUADPACK),centred,1e-12,1.7724538509055158e-12,0.0,1.0,0.0,0.0,False,,SILENT
R integrate (QUADPACK),offcentre,0.1,0.1772453850905516,0.1772453850905611,5.3555170735167984e-14,5.385020075965308e-07,3.038172234055174e-06,False,,pass
R integrate (QUADPACK),offcentre,0.01,0.01772453850905516,0.01772453850920094,8.22471185654345e-12,3.4161541896074454e-05,0.0019273586095695475,False,,pass
R integrate (QUADPACK),offcentre,0.001,0.001772453850905516,0.0,1.0,0.0,0.0,False,,SILENT
R integrate (QUADPACK),offcentre,0.0001,0.0001772453850905516,0.0,1.0,0.0,0.0,False,,SILENT
R integrate (QUADPACK),offcentre,1e-05,1.772453850905516e-05,0.0,1.0,0.0,0.0,False,,SILENT
R integrate (QUADPACK),offcentre,1e-06,1.7724538509055158e-06,0.0,1.0,0.0,0.0,False,,SILENT
R integrate (QUADPACK),offcentre,1e-08,1.7724538509055158e-08,0.0,1.0,0.0,0.0,False,,SILENT
R integrate (QUADPACK),offcentre,1e-10,1.772453850905516e-10,0.0,1.0,0.0,0.0,False,,SILENT
R integrate (QUADPACK),offcentre,1e-12,1.7724538509055158e-12,0.0,1.0,0.0,0.0,False,,SILENT
